{
    "users": [
        {
            "key": "c63054c41bfbdab1e9501c523638124389ee297ac92f6c23db83c20426a2a938",
            "name": "Thbop",
            "password": "34hNpC6qjE5TaZN",
            "tags": [],
            "permission-level": 1
        },
        {
            "key": "6df622fb7fe0d9b16beea2ad3aa01c4b2bb5287cb4d98f991cbdce4dc757848c",
            "name": "BeefMan",
            "password": "X8ANZr9A4VseXKC",
            "tags": "[]",
            "permission-level": 0
        }
    ],
    "posts": [
        {
            "id": "56e92944-a8ef-4978-b9c6-8526c635e409",
            "title": "fdsf",
            "description": "asdfasdf",
            "author": "BeefMan",
            "timestamp": "2023-04-28 21:37",
            "tags": []
        },
        {
            "id": "3bdf470a-5022-4af2-9a34-a32bb85b409b",
            "title": "fasdf",
            "description": "asdfsdf",
            "author": "Anonymous",
            "timestamp": "2023-04-28 09:51",
            "tags": []
        },
        {
            "id": "f9d3e20d-d44f-41f3-9156-77bada87242b",
            "title": "This is an other test",
            "description": "test test",
            "author": "Thbop",
            "timestamp": "2023-04-28 09:47",
            "tags": []
        },
        {
            "id": "8d48877b-53b0-43b6-beeb-ece20127b2d4",
            "title": "Cheese",
            "description": "asdfasdf",
            "author": "Thbop",
            "timestamp": "2023-04-26 20:28",
            "tags": []
        },
        {
            "id": "84e2ba22-06db-430c-83b5-f809d62dd365",
            "title": "Test test test",
            "description": "test",
            "author": "Anonymous",
            "timestamp": "2023-04-26 20:21",
            "tags": []
        },
        {
            "id": "157bafce-17dd-4eba-9f86-2745150513ec",
            "title": "test",
            "description": "testssss",
            "author": "Anonymous",
            "timestamp": "2023-04-26 19:41"
        },
        {
            "id": "359d8cc7-b0d1-4157-bb28-7fa8872d39e6",
            "title": "Coronavirus spread out!",
            "description": "Alert! A new virus just released. You can download it from github.",
            "author": "Anonymous",
            "timestamp": "2023-04-26 13:38"
        },
        {
            "id": "d5c1d86a-77d5-4363-81f1-3c306ce3f075",
            "title": "MrBeast overtakes PewDiePie as most-subscribed YouTuber",
            "description": "MrBeast has ended PewDiePie's reign as the YouTuber with the most subscribers - the first change at the top in almost 10 years.\r\n\r\nSwedish creator PewDiePie, whose real name is Felix Kjellberg, became the most-subscribed YouTuber in August 2013 with his gaming reaction videos.\r\n\r\nIn 2019, he was the first person to attract 100 million subscribers.\r\n\r\nBut the philanthropy of MrBeast, really called Jimmy Donaldson, gained him his 112 millionth subscriber this month.\r\n\r\nAlthough YouTube does not show the exact numbers, that pushed him above PewDiePie's 111 million.",
            "author": "Anonymous",
            "timestamp": "2023-04-26 13:16"
        }
    ]
}